<mvc:View xmlns:core="sap.ui.core" xmlns:mvc="sap.ui.core.mvc" xmlns="sap.m" xmlns:macros="sap.fe.macros" xmlns:html="http://www.w3.org/1999/xhtml" controllerName="zsubcontractingcockpitapp4.ext.main.Main">
    <Page id="Main" title="{i18n&gt;MainTitle}" enableScrolling="true">
        <content>
            <macros:FilterBar metaPath="/MainCds/@com.sap.vocabularies.UI.v1.SelectionFields#SF" id="FilterBar"/>
            <ScrollContainer horizontal="true">
            <macros:Table id="TableOrderId" enableFullScreen="true" metaPath="/MainCds/@com.sap.vocabularies.UI.v1.LineItem#tableMacro" type="GridTable" filterBar="FilterBar" header="Materials"  selectionMode="Multi" rowCountMode="Fixed" frozenColumnCount="0" rowCount="20" > <!--variantManagement="Control"-->
                <macros:actions>
                    <!--<table:Action id="customActionCreateMaterialDocumentsFromFactory" key="customActionCreateMaterialDocumentsFromFactory" text="{i18n>CreateMaterialDocumentsFromFactory}" press=".onCreateMaterialDocuments" requiresSelection="true" anchor="customActionApprove" enabled="true" placement="After"/>
                    <table:Action id="customActionCreateMaterialDocumentsFromHUB" key="customActionCreateMaterialDocumentsFromHUB" text="{i18n>CreateMaterialDocumentsFromHUB}" press=".onCreateMaterialDocuments" requiresSelection="true" anchor="CustomActionDelete" enabled="true" placement="After"/>-->
                    <macros:action
                        key="customAction"
                        text="Create Material Documents From Factory"
                        press=".onCreateMaterialDocuments"
                        placement="After"
                        requiresSelection="true"
                    />
                    <macros:action
                        key="customAction2"
                        text="Create Material Documents From HUB"
                        press=".onCreateMaterialDocuments"
                        placement="After"
                        requiresSelection="true"
                    />
                </macros:actions>
            </macros:Table>
            </ScrollContainer>
        </content>
    </Page>
</mvc:View>