{
  "ext/main/Main.controller.js.map": 1744919762048,
  "manifest.json": 1744919761657,
  "ext/main/Main.controller.js": 1744809564830,
  "Component.js": 1744809564830,
  "ext/main/Main-dbg.controller.js": 1744809564830,
  "i18n/i18n.properties": 1744809564834,
  "Component-dbg.js": 1744809564830,
  "Component.js.map": 1744919761965,
  "Component-preload.js": 1744919762284,
  "Component-preload.js.map": 1744919762284,
  "ext/Fragment/ShippingPointList.fragment.xml": 1744809564830,
  "ext/Fragment/MaterialDocumentCreation.fragment.xml": 1744809564830,
  "ext/main/Main.view.xml": 1744809564834,
  "css/style.css": 1744809564830,
  "index.html": 1744809564834
}