{
  "index.html": 1744976701302,
  "ext/main/Main.controller.js": 1744976701302,
  "manifest.json": 1744997892180,
  "Component.js": 1744976701302,
  "ext/main/Main-dbg.controller.js": 1744976701302,
  "ext/main/Main.controller.js.map": 1744997892311,
  "Component-dbg.js": 1744976701302,
  "Component.js.map": 1744997892295,
  "Component-preload.js": 1744997892379,
  "Component-preload.js.map": 1744997892379,
  "ext/main/Main.view.xml": 1744976701302,
  "ext/Fragment/ShippingPointList.fragment.xml": 1744976701302,
  "ext/Fragment/MaterialDocumentCreation.fragment.xml": 1744976701302,
  "css/style.css": 1744976701302,
  "i18n/i18n.properties": 1744976701302
}