{
  "index.html": 1742047843367,
  "ext/main/Main.controller.js": 1743514754277,
  "manifest.json": 1743676051338,
  "Component.js": 1741794306406,
  "Component-dbg.js": 1741794306406,
  "Component.js.map": 1743676051619,
  "ext/main/Main-dbg.controller.js": 1743514754277,
  "ext/main/Main.controller.js.map": 1743676051651,
  "Component-preload.js": 1743676051902,
  "Component-preload.js.map": 1743676051902,
  "ext/main/Main.view.xml": 1743493036241,
  "ext/Fragment/MaterialDocumentCreation.fragment.xml": 1743494192507,
  "css/style.css": 1742901795892,
  "i18n/i18n.properties": 1743004005298
}