{
    "authenticationMethod": "none",
    "routes": [
      {
        "source": "^/app/(.*)$",
        "target": "$1",
        "localDir": "./",
        "cacheControl": "no-cache, no-store, must-revalidate"
      },
      {
        "source": "^/app/(.*)$",
        "target": "$1",
        "localDir": "./"
      },
      {
        "source": "^/odata/(.*)$",
        "target": "/odata/$1",
        "destination": "srv-api",
        "authenticationType": "none",
        "csrfProtection": false
      }
    ]
  }